"speciesid","name"
"Aca_aca","Acacia acanthoclada"
"Aca_aci","Acacia acinacea"
"Aca_acu","Acacia acuminata"
"Aca_anc","Acacia ancistrocarpa"
"Aca_bid","Acacia bidentata"
"Aca_bin","Acacia binata"
"Aca_bra","Acacia brachybotrya"
"Aca_chr","Acacia chrysocephala"
"Aca_coc","Acacia cochlearis"
"Aca_con","Acacia constricta"
"Aca_conso","Acacia consobrina"
"Aca_cup","Acacia cupularis"
"Aca_cyc","Acacia cyclops"
"Aca_dec","Acacia declinata"
"Aca_ehr","Acacia ehrenbergiana"
"Aca_far","Acacia farinosa"
"Aca_fer","Acacia ferocior"
"Aca_ger","Acacia gerrardii"
"Aca_ger1","Acacia gerrardii subsp. negevensis"
"Aca_gla","Acacia glaucoptera"
"Aca_gon","Acacia gonophylla"
"Aca_gre","Acacia greggii"
"Aca_har","Acacia harveyi"
"Aca_hil","Acacia hilliana"
"Aca_ina","Acacia inaequilatera"
"Aca_las","Acacia lasiocalyx"
"Aca_lig","Acacia ligulata"
"Aca_max","Acacia maxwellii"
"Aca_mea","Acacia mearnsii"
"Aca_mel","Acacia melanoxylon"
"Aca_mic","Acacia microbotrya"
"Aca_myr","Acacia myrtifolia"
"Aca_par","Acacia paradoxa"
"Aca_pat","Acacia patagiata"
"Aca_pin","Acacia pinguiculosa"
"Aca_pul1","Acacia pulchella var. goadbyi"
"Aca_pyc","Acacia pycnantha"
"Aca_red","Acacia redolens"
"Aca_sal","Acacia saligna"
"Aca_spi","Acacia spinescens"
"Aca_spo","Acacia spongolitica"
"Aca_ste","Acacia stellaticeps"
"Aca_sti","Acacia stipuligera"
"Aca_sub","Acacia subcaerulea"
"Aca_sul","Acacia sulcata"
"Aca_tet","Acacia tetragonophylla"
"Aca_tor","Acacia tortilis"
"Aca_tor1","Acacia tortilis subsp. spirocarpa"
"Aca_var1","Acacia varia subsp. parviflora"
"Aca_ver","Acacia verticillata"
"Ach_col","Achillea collina"
"Ach_mil","Achillea millefolium"
"Ach_mil1","Achillea millefolium var. occidentalis"
"Ach_nob","Achillea nobilis"
"Act_pyr","Actinostrobus pyramidalis"
"Ado_aes","Adonis aestivalis"
"Aeg_cyl","Aegilops cylindrica"
"Aeg_pod","Aegopodium podagraria"
"Aet_cyn","Aethusa cynapium"
"Aet_cyn","Aethusa cynapium subsp. cynapium"
"Agr_cap","Agrostis capillaris"
"Agr_cri","Agropyron cristatum"
"Agr_des","Agropyron desertorum"
"Agr_eup","Agrimonia eupatoria"
"Agr_fra","Agropyron fragile"
"Agr_sca","Agrostis scabra"
"Agr_squ","Agriophyllum squarrosum"
"Agr_sto","Agrostis stolonifera"
"Agr_vin","Agrostis vinealis"
"Aiz_can","Aizoon canariense"
"Aju_gen","Ajuga genevensis"
"Aju_rep","Ajuga reptans"
"All_acu","Allocasuarina acutivalvis"
"All_hue","Allocasuarina huegeliana"
"All_hum","Allocasuarina humilis"
"All_leh","Allocasuarina lehmanniana"
"All_lue","Allocasuarina luehmannii"
"All_sco","Allium scorodoprasum"
"All_tex","Allium textile"
"All_thu","Allocasuarina thuyoides"
"All_ver","Allocasuarina verticillata"
"Alo_pra","Alopecurus pratensis"
"Aly_sim","Alyssum parviflorum"
"Aly_sim","Alyssum simplex"
"Ama_ret","Amaranthus retroflexus"
"Amb_art","Ambrosia artemisiifolia"
"Amb_cea","Amburana cearensis"
"Ame_aln","Amelanchier alnifolia"
"Ame_arb","Amelanchier arborea"
"Amp_rup","Amphibolia rupis-arcuatae"
"Ana_arv","Anagallis arvensis"
"Ana_cla","Anacyclus clavatus"
"Ana_pyr","Anacamptis pyramidalis"
"Anc_arv","Anchusa arvensis"
"And_ger","Andropogon gerardii"
"Ane_cyl","Anemone cylindrica"
"Ane_mul","Anemone multifida"
"Ane_pat","Anemone patens"
"Ane_syl","Anemone sylvestris"
"Ang_syl","Angelica sylvestris"
"Ant_odo","Anthoxanthum odoratum"
"Ant_ram","Anthericum ramosum"
"Ant_spa","Anthospermum spathulatum"
"Ant_syl","Anthriscus sylvestris"
"Ant_ter","Anthyllis terniflora"
"Ant_vul","Anthyllis vulneraria"
"Ape_spi","Apera spica-venti"
"Apo_and","Apocynum androsaemifolium"
"Aqu_vul","Aquilegia vulgaris"
"Ara_hir","Arabis hirsuta"
"Arc_aca","Arctotis acaulis"
"Arc_ech","Arctopus echinatus"
"Arc_uva","Arctostaphylos uva-ursi"
"Are_ser","Arenaria serpyllifolia"
"Arg_pol","Argemone polyanthemos"
"Ari_pur","Aristida purpurea"
"Arm_mar","Armeria maritima"
"Arn_cor","Arnica cordifolia"
"Arr_ela","Arrhenatherum elatius"
"Art_cal","Artemisia californica"
"Art_cam","Artemisia campestris"
"Art_can","Artemisia cana"
"Art_fil","Artemisia filifolia"
"Art_fri","Artemisia frigida"
"Art_lud","Artemisia ludoviciana"
"Art_nov","Artemisia nova"
"Art_ord","Artemisia ordosica"
"Art_tri","Artemisia tridentata"
"Art_tri1","Artemisia tridentata var. vaseyana"
"Art_tri2","Artemisia tridentata subsp. wyomingensis"
"Art_tri3","Artemisia tridentata subsp. tridentata"
"Art_vul","Artemisia vulgaris"
"Asa_eur","Asarum europaeum"
"Asc_fas","Asclepias fascicularis"
"Asp_cyn","Asperula cynanchica"
"Asp_pyr","Aspidosperma pyrifolium"
"Asp_tin","Asperula tinctoria"
"Ast_amb","Astartea ambigua"
"Ast_ame","Aster amellus"
"Ast_bis","Astragalus bisulcatus"
"Ast_can","Astragalus canadensis"
"Ast_cic","Astragalus cicer"
"Ast_dan","Astragalus danicus"
"Ast_dru","Astragalus drummondii"
"Ast_gly","Astragalus glycyphyllos"
"Ast_lax","Astragalus laxmannii"
"Ast_maj","Astrantia major"
"Ath_cri","Athanasia crithmifolia"
"Atr_can","Atriplex canescens"
"Atr_con","Atriplex confertifolia"
"Atr_gar","Atriplex gardneri"
"Atr_len","Atriplex lentiformis"
"Atr_lit","Atriplex littoralis"
"Atr_pat","Atriplex patula"
"Atr_sag","Atriplex sagittata"
"Atr_sem","Atriplex semibaccata"
"Atr_tat","Atriplex tatarica"
"Atr_ves","Atriplex vesicaria"
"Atr_vest","Atriplex vestita"
"Ave_bar","Avena barbata"
"Ave_fat","Avena fatua"
"Ave_sat","Avena sativa"
"Bab_fra","Babiana fragrans"
"Bai_mul","Baileya multiradiata"
"Bal_sag","Balsamorhiza sagittata"
"Ban_cal","Banksia caleyi"
"Ban_med","Banksia media"
"Bar_vul","Barbarea vulgaris"
"Bas_pro","Bassia prostrata"
"Bas_sco","Bassia scoparia"
"Bas_sco","Kochia scoparia"
"Bel_per","Bellis perennis"
"Ber_aqu","Berberis aquifolium"
"Bet_pap","Betula papyrifera"
"Bet_pen","Betula pendula"
"Bol_ast","Boltonia asteroides"
"Bot_lun","Botrychium lunaria"
"Bou_ari","Bouteloua aristidoides"
"Bou_cur","Bouteloua curtipendula"
"Bra_nap","Brassica napus"
"Bra_pin","Brachypodium pinnatum"
"Bra_rap","Brassica rapa"
"Bra_ret","Brachypodium retusum"
"Bra_syl","Brachypodium sylvaticum"
"Bri_med","Briza media"
"Bro_car","Bromus carinatus"
"Bro_ere","Bromus erectus"
"Bro_hor","Bromus hordeaceus"
"Bro_ine","Bromus inermis"
"Bro_jap","Bromus japonicus"
"Bro_kal","Bromus kalmii"
"Bro_mar","Bromus marginatus"
"Bro_rip","Bromus riparius"
"Bro_rub","Bromus rubens"
"Bro_set","Bromus setifolius"
"Bro_ste","Bromus sterilis"
"Bro_tec","Bromus tectorum"
"Buc_dac","Bouteloua dactyloides"
"Buc_dac","Buchloe dactyloides"
"Bun_ori","Bunias orientalis"
"Bup_fal","Bupleurum falcatum"
"Bup_ten","Bupleurum tenuissimum"
"Cal_aru","Calamagrostis arundinacea"
"Cal_cil","Calandrinia ciliata"
"Cal_epi","Calamagrostis epigejos"
"Cal_gra","Calothamnus gracilis"
"Cal_lon","Calamovilfa longifolia"
"Cal_pre","Callitris preissii"
"Cal_qua","Calothamnus quadrifidus"
"Cal_rho","Callitris rhomboidea"
"Cam_glo","Campanula glomerata"
"Cam_mic","Camelina microcarpa"
"Cam_pat","Campanula patula"
"Cam_per","Campanula persicifolia"
"Cam_rap","Campanula rapunculoides"
"Cam_tra","Campanula trachelium"
"Cap_bur","Capsella bursa-pastoris"
"Car_aca","Carlina acaulis"
"Car_aca","Carlina acaulis subsp. acaulis"
"Car_acanth","Carduus acanthoides"
"Car_bet","Carpinus betulus"
"Car_car","Carum carvi"
"Car_cary","Carex caryophyllea"
"Car_cri","Carduus crispus"
"Car_dig","Carex digitata"
"Car_fil","Carex filiformis"
"Car_fil","Carex tomentosa"
"Car_fla","Carex flacca"
"Car_foe","Carex foenea"
"Car_gar","Carex garberi"
"Car_hir","Carex hirta"
"Car_lan","Carthamus lanatus"
"Car_mic","Carex michelii"
"Car_mon","Carex montana"
"Car_mur","Carex muricata"
"Car_mur","Carex muricata agg."
"Car_nut","Carduus nutans"
"Car_pal","Carex pallescens"
"Car_pan","Carex panicea"
"Car_pil","Carex pilulifera"
"Car_pra","Cardamine pratensis"
"Car_pra1","Cardamine pratensis subsp. matthioli"
"Car_pra1","Cardamine matthioli"
"Car_vul","Carlina vulgaris"
"Cas_app","Castilleja applegatei"
"Cen_cil","Cenchrus ciliaris"
"Cen_dif","Centaurea diffusa"
"Cen_ery","Centaurium erythraea"
"Cen_ery","Centaurium erythraea subsp. erythraea"
"Cen_jac","Centaurea jacea"
"Cen_jac1","Centaurea jacea subsp. angustifolia"
"Cen_jac2","Centaurea jacea subsp. jacea"
"Cen_pan","Centaurea pannonica"
"Cen_phr1","Centaurea phrygia subsp. stenolepis"
"Cen_phr1","Centaurea stenolepis"
"Cen_pod","Centaurea podospermifolia"
"Cen_sca","Centaurea scabiosa"
"Cen_sol","Centaurea solstitialis"
"Cen_sto","Centaurea stoebe"
"Cep_spi","Cephalophyllum spissum"
"Cer_arv","Cerastium arvense"
"Cer_bra","Cerastium brachypetalum"
"Cer_bra","Cerastium brachypetalum agg."
"Cer_fon1","Cerastium fontanum subsp. vulgare"
"Cer_fon1","Cerastium holosteoides subsp. vulgare"
"Cer_mon","Cercocarpus montanus"
"Cer_sil","Ceratonia siliqua"
"Cer_tes","Ceratocephala testiculata"
"Cha_aro","Chaerophyllum aromaticum"
"Cha_fas","Chamaecrista fasciculata"
"Cha_hum","Chamaerops humilis"
"Cha_inv","Chaetobromus involucratus"
"Cha_min","Chaenorhinum minus"
"Cha_min","Microrrhinum minus"
"Cha_vir","Chamaecytisus virescens"
"Che_alb","Chenopodium album"
"Che_den","Cheiridopsis denticulata"
"Che_mur","Chenopodium murale"
"Che_pol","Chenopodium polyspermum"
"Che_wat","Chenopodium watsonii"
"Chi_bac","Chironia baccifera"
"Chl_gay","Chloris gayana"
"Chl_rox","Chloris roxburghiana"
"Chl_vir","Chloris virgata"
"Cho_aci","Chorizema aciculare"
"Cho_eri","Chondrosum eriopodum"
"Cho_gra","Bouteloua gracilis"
"Cho_gra","Chondrosum gracile"
"Chr_com","Chrysocoma coma-aurea"
"Chr_vis","Chrysothamnus viscidiflorus"
"Cic_int","Cichorium intybus"
"Cir_arv","Cirsium arvense"
"Cir_can","Cirsium canum"
"Cir_nut","Cirsium nutans"
"Cir_ole","Cirsium oleraceum"
"Cir_pal","Cirsium palustre"
"Cir_pan","Cirsium pannonicum"
"Cir_vul","Cirsium vulgare"
"Cis_clu","Cistus clusii"
"Cle_lut","Cleome lutea"
"Cle_rec","Clematis recta"
"Cle_ser","Cleome serrulata"
"Cle_vit","Clematis vitalba"
"Cli_vul","Clinopodium vulgare"
"Col_aut","Colchicum autumnale"
"Col_gra","Collomia grandiflora"
"Col_ver","Collinsia verna"
"Con_arv","Convolvulus arvensis"
"Con_elo","Conicosia elongata"
"Con_maj","Convallaria majalis"
"Con_reg","Consolida regalis"
"Coo_pol","Coopernookia polygalacea"
"Cor_ave","Corylus avellana"
"Cor_cur","Corydalis curvisiliqua"
"Cor_san","Cornus sanguinea"
"Cor_tin","Coreopsis tinctoria"
"Cot_tin","Cota tinctoria"
"Cot_tur","Cotula turbinata"
"Cre_acu","Crepis acuminata"
"Cre_bie","Crepis biennis"
"Cre_pra","Crepis praemorsa"
"Cre_tec","Crepis tectorum"
"Cro_set","Croton setigerus"
"Cru_gla","Cruciata glabra"
"Cru_gla","Cruciata verna"
"Cru_ped","Cruciata pedemontana"
"Cus_epi","Cuscuta epithymum"
"Cya_seg","Cyanus segetum"
"Cya_tri","Cyanus triumfettii"
"Cya_tri","Centaurea triumfetti"
"Cym_mar","Cymbopogon marginatus"
"Cyn_cri","Cynosurus cristatus"
"Cyn_dac","Cynodon dactylon"
"Cyn_off","Cynoglossum officinale"
"Dac_glo","Dactylis glomerata"
"Dac_sam","Dactylorhiza sambucina"
"Dal_can","Dalea candida"
"Dal_pur","Dalea purpurea"
"Dan_dec","Danthonia decumbens"
"Dan_uni","Danthonia unispicata"
"Dar_dio","Darwinia diosmoides"
"Dau_car","Daucus carota"
"Dav_ben1","Daviesia benthamii subsp. acanthoclona"
"Dav_ema","Daviesia emarginata"
"Dav_hak1","Daviesia hakeoides subsp. subnuda"
"Del_gey","Delphinium geyeri"
"Des_ces","Deschampsia cespitosa"
"Des_ill","Desmanthus illinoensis"
"Des_pin","Descurainia pinnata"
"Des_sop","Descurainia sophia"
"Dia_arm","Dianthus armeria"
"Dia_car","Dianthus carthusianorum"
"Dia_del","Dianthus deltoides"
"Dia_gig","Dianthus giganteiformis"
"Dic_rhi","Dicerothamnus rhinocerotis"
"Did_car","Didelta carnosa"
"Dig_cal","Digitaria californica"
"Dim_plu","Dimorphotheca pluvialis"
"Dip_eru","Diplotaxis erucoides"
"Dip_ful","Dipsacus fullonum"
"Dod_bur","Dodonaea bursariifolia"
"Dod_cor","Dodonaea coriacea"
"Dod_ste","Dodonaea stenozyga"
"Dod_vis","Dodonaea viscosa"
"Dod_vis1","Dodonaea viscosa subsp. angustissima"
"Dor_pen","Dorycnium pentaphyllum"
"Dor_pen","Dorycnium pentaphyllum agg."
"Dra_cun","Draba cuneifolia"
"Dro_his","Drosanthemum hispidum"
"Dry_fil","Dryopteris filix-mas"
"Dry_que","Dryandra quercifolia"
"Dys_pap","Dyssodia papposa"
"Ech_ang","Echinacea angustifolia"
"Ech_cru","Echinochloa crus-galli"
"Ech_pur","Echinacea purpurea"
"Ech_vul","Echium vulgare"
"Ehr_cal","Ehrharta calycina"
"Ely_can","Elymus canadensis"
"Ely_cani","Elymus caninus"
"Ely_elo","Elymus elongatus"
"Ely_ely","Elymus elymoides"
"Ely_ely1","Elymus elymoides subsp. elymoides"
"Ely_ely2","Elymus elymoides subsp. californicus"
"Ely_gla","Elymus glaucus"
"Ely_his","Elymus hispidus"
"Ely_lan","Elymus lanceolatus"
"Ely_lan1","Elymus lanceolatus subsp. dasystachyum"
"Ely_lan2","Elymus lanceolatus subsp. lanceolatus"
"Ely_mul","Elymus multisetus"
"Ely_rep","Elymus repens"
"Ely_smi","Elymus smithii"
"Ely_smi","Pascopyrum smithii"
"Ely_spi","Elymus spicatus"
"Ely_spi","Pseudoroegneria spicata"
"Ely_spi1","Elymus spicatus subsp. spicata"
"Ely_tra","Elymus trachycaulus"
"Ely_vir","Elymus virginicus"
"Ely_waw","Elymus wawawaiensis"
"Enc_cal","Encelia californica"
"Ent_mac","Enteropogon macrostachyus"
"Eph_vir","Ephedra viridis"
"Epi_ang","Epilobium angustifolium"
"Epi_cil","Epilobium ciliatum"
"Epi_mon","Epilobium montanum"
"Epi_tet","Epilobium tetragonum"
"Epi_tet","Epilobium tetragonum agg."
"Equ_arv","Equisetum arvense"
"Era_sup","Eragrostis superba"
"Era_tri","Eragrostis trichodes"
"Ere_anc","Erepsia anceps"
"Ere_tri","Eremopyrum triticeum"
"Eri_acr","Erigeron acris"
"Eri_afr","Eriocephalus africanus"
"Eri_ann","Erigeron annuus"
"Eri_can","Erigeron canadensis"
"Eri_can","Conyza canadensis"
"Eri_fas","Eriogonum fasciculatum"
"Eri_mic","Eriocephalus microphyllus"
"Eri_nau","Chrysothamnus nauseosus"
"Eri_nau","Ericameria nauseosa"
"Eri_nau1","Ericameria nauseosa var. nauseosa"
"Eri_spe","Erigeron speciosus"
"Eri_umb","Eriogonum umbellatum"
"Ero_cic","Erodium cicutarium"
"Ery_cam","Eryngium campestre"
"Ery_cap","Erysimum capitatum"
"Ery_che","Erysimum cheiranthoides"
"Ery_vel","Erythrina velutina"
"Esc_cal","Eschscholzia californica"
"Euc_ang","Eucalyptus angulosa"
"Euc_ann","Eucalyptus annulata"
"Euc_ast1","Eucalyptus astringens subsp. redacata"
"Euc_cam","Eucalyptus camaldulensis"
"Euc_cap","Eucalyptus captiosa"
"Euc_dec","Eucalyptus decipiens"
"Euc_dec1","Eucalyptus decipiens subsp. adesmophloia"
"Euc_fal","Eucalyptus falcata"
"Euc_flo","Eucalyptus flocktoniae"
"Euc_inc","Eucalyptus incrassata"
"Euc_leh1","Eucalyptus lehmannii subsp. parallela"
"Euc_lox","Eucalyptus loxophleba"
"Euc_lox","Eucalyptus loxophleba subsp. supralaevis"
"Euc_mel","Eucalyptus melanophitra"
"Euc_mic","Eucalyptus microcarpa"
"Euc_neu","Eucalyptus neutra"
"Euc_obl","Eucalyptus obliqua"
"Euc_obt","Eucalyptus obtusiflora"
"Euc_occ","Eucalyptus occidentalis"
"Euc_odo","Eucalyptus odontocarpa"
"Euc_ova","Eucalyptus ovata"
"Euc_pha","Eucalyptus phaenophylla"
"Euc_pha1","Eucalyptus phaenophylla subsp. phaenophylla"
"Euc_phe","Eucalyptus phenax"
"Euc_pla1","Eucalyptus platypus subsp. platypus"
"Euc_plu1","Eucalyptus pluricaulis subsp. porphyrea"
"Euc_plu2","Eucalyptus pluricaulis subsp. pluricaulis"
"Euc_pre","Eucalyptus preissiana"
"Euc_tet","Eucalyptus tetragona"
"Euc_tetrap","Eucalyptus tetraptera"
"Euc_tha","Eucalyptus thamnoides"
"Euc_tha1","Eucalyptus thamnoides subsp. megista"
"Euc_unc","Eucalyptus uncinata"
"Euc_veg","Eucalyptus vegrandis"
"Euc_veg1","Eucalyptus vegrandis subsp. recondita"
"Euc_ves","Eucalyptus vesiculosa"
"Euc_vim","Eucalyptus viminalis"
"Euc_xan","Eucalyptus xanthonema"
"Eup_can","Eupatorium cannabinum"
"Eup_cyp","Euphorbia cyparissias"
"Eup_esu","Euphorbia esula"
"Eup_esu1","Euphorbia esula subsp. tommasiniana"
"Eup_esu1","Euphorbia virgata"
"Eup_exi","Euphorbia exigua"
"Eup_fal","Euphorbia falcata"
"Eup_hel","Euphorbia helioscopia"
"Eup_ill","Euphorbia illirica"
"Eup_pla","Euphorbia platyphyllos"
"Exo_spa","Exocarpos sparteus"
"Fag_esc","Fagopyrum esculentum"
"Fal_con","Fallopia convolvulus"
"Fal_vul","Falcaria vulgaris"
"Fel_fil1","Felicia filifolia subsp. filifolia"
"Fes_aru","Festuca arundinacea"
"Fes_cam","Festuca campestris"
"Fes_fil","Festuca filiformis"
"Fes_ida","Festuca idahoensis"
"Fes_occ","Festuca occidentalis"
"Fes_ovi","Festuca ovina"
"Fes_pra","Festuca pratensis"
"Fes_pse","Festuca pseudovina"
"Fes_rub","Festuca rubra"
"Fes_rup","Festuca rupicola"
"Fes_tra","Festuca trachyphylla"
"Fes_tra","Festuca brevipila"
"Fil_vul","Filipendula vulgaris"
"Fra_exc","Fraxinus excelsior"
"Fra_vir","Fragaria virginiana"
"Fra_viri","Fragaria viridis"
"G_Aca_spp","Acacia spp"
"G_Ace_spp","Acer spp"
"G_Agr_spp","Agropyron spp"
"G_Alc_spp","Alchemilla spp"
"G_All_spp","Allium spp"
"G_Arc_spp","Arctium spp"
"G_Ast_spp","Aster spp"
"G_Astr_spp","Astragalus spp"
"G_Bab_spp","Babiana spp"
"G_Bra_spp","Brassica spp"
"G_Car_spp","Carex spp"
"G_Chl_spp","Chloris spp"
"G_Cle_spp","Cleome spp"
"G_Cra_spp","Crataegus spp"
"G_Dod_spp","Dodonaea spp"
"G_Ely_spp","Elymus spp"
"G_Euc_spp","Eucalyptus spp"
"G_Fes_spp","Festulolium spp"
"G_Gal_spp","Galeopsis spp"
"G_Hel_spp","Helichrysum spp"
"G_Helia_spp","Helianthus spp"
"G_Ind_spp","Indigofera spp"
"G_Lup_spp","Lupinus spp"
"G_Mal_spp","Malva spp"
"G_Malu_spp","Malus spp"
"G_Pap_spp","Pappophorum spp"
"G_Pat_spp","Patersonia spp"
"G_Pen_spp","Penstemon spp"
"G_Per_spp","Persoonia spp"
"G_Pot_spp","Potentilla spp"
"G_Pru_spp","Prunus spp"
"G_Pyr_spp","Pyrus spp"
"G_Que_spp","Quercus spp"
"G_Res_spp","Restio spp"
"G_Ros_spp","Rosa spp"
"G_Rus_spp","Ruschia spp"
"G_Sal_spp","Salix spp"
"G_Spi_spp","Spiraea spp"
"G_Spo_spp","Sporobolus spp"
"G_Sti_spp","Stipa spp"
"G_Tar_spp","Taraxacum spp"
"G_Til_spp","Tilia spp"
"G_Tri_spp","Trifolium spp"
"G_Ver_spp","Verbascum spp"
"G_Vic_spp","Vicia spp"
"Gai_ari","Gaillardia aristata"
"Gal_alb","Galium album"
"Gal_apa","Galium aparine"
"Gal_bor","Galium boreale"
"Gal_pum","Galium pumilum"
"Gal_sar","Galenia sarcophylla"
"Gal_tri","Galium triflorum"
"Gal_ver","Galium verum"
"Gas_par","Gastrolobium parviflorum"
"Gas_rac","Gastrolobium racemosum"
"Gas_spi1","Gastrolobium spinosum var. spinosum"
"Gen_cru","Gentiana cruciata"
"Gen_ger","Genista germanica"
"Gen_pne","Gentiana pneumonanthe"
"Gen_tin","Genista tinctoria"
"Ger_col","Geranium columbinum"
"Ger_dis","Geranium dissectum"
"Ger_pra","Geranium pratense"
"Ger_pus","Geranium pusillum"
"Ger_san","Geranium sanguineum"
"Geu_mac","Geum macrophyllum"
"Geu_tri","Geum triflorum"
"Geu_urb","Geum urbanum"
"Gla_imb","Gladiolus imbricatus"
"Gle_hed","Glechoma hederacea"
"Gli_aur","Glischrocaryon aureum"
"Gly_max","Glycine max"
"Gna_syl","Gnaphalium sylvaticum"
"Gom_pol","Gompholobium polyzygum"
"Goo_azu","Goodenia azurea"
"Goo_lot","Goodia lotifolia"
"Goo_lot1","Goodia lotifolia var. lotifolia"
"Goo_sca","Goodenia scapigera"
"Gra_spi","Grayia spinosa"
"Gre_ste","Grevillea stenobotrya"
"Gri_hir","Grindelia hirsutula"
"Gri_squ","Grindelia squarrosa"
"Gut_sar","Gutierrezia sarothrae"
"Gym_con","Gymnadenia conopsea"
"Hak_com","Hakea commutata"
"Hak_cor","Hakea corymbosa"
"Hak_lau","Hakea laurina"
"Hak_lis","Hakea lissocarpha"
"Hak_nit","Hakea nitida"
"Hak_pan1","Hakea pandanicarpa subsp. crassifolia"
"Hak_str","Hakea strumosa"
"Hak_ver","Hakea verrucosa"
"Hal_glo","Halogeton glomeratus"
"Hed_bor","Hedysarum boreale"
"Hed_his","Hedeoma hispida"
"Hel_ann","Helianthus annuus"
"Hel_cym1","Helichrysum cymosum subsp. cymosum"
"Hel_ham","Helichrysum hamulosum"
"Hel_hel","Heliopsis helianthoides"
"Hel_lae","Helianthus laetiflorus"
"Hel_max","Helianthus maximiliani"
"Hel_mul","Heliomeris multiflora"
"Hel_ova","Helianthemum ovatum"
"Hel_ova","Helianthemum grandiflorum subsp. obscurum"
"Hel_pat","Helichrysum patulum"
"Hel_pra","Helictotrichon pratense"
"Hel_pub","Helictotrichon pubescens"
"Hel_squ","Helianthemum squamatum"
"Hel_sto","Helichrysum stoechas"
"Hel_syr","Helianthemum syriacum"
"Hel_ter","Helichrysum teretifolium"
"Hel_vio","Helianthemum violaceum"
"Helictoch_pra","Helictochloa pratensis"
"Hem_fas","Hemizonia fasciculata"
"Her_dis","Hermannia disermifolia"
"Her_hys","Hermannia hyssopifolia"
"Her_sph","Heracleum sphondylium"
"Het_vil","Heterotheca villosa"
"Hie_alb","Hieracium albiflorum"
"Hie_sab","Hieracium sabaudum"
"Hil_jam","Hilaria jamesii"
"Hil_jam","Pleuraphis jamesii"
"Hip_ali","Hipicium alienatum"
"Hol_lan","Holcus lanatus"
"Hor_bra","Hordeum brachyantherum"
"Hor_jub","Hordeum jubatum"
"Hyp_hir","Hypericum hirsutum"
"Hyp_mac","Hypochaeris maculata"
"Hyp_macul","Hypericum maculatum"
"Hyp_per","Hypericum perforatum"
"Hyp_rad","Hypochaeris radicata"
"Hyp_sal","Hypertelis salsoloides"
"Ind_mon","Indigofera monophylla"
"Inu_ens","Inula ensifolia"
"Inu_hir","Inula hirta"
"Inu_sal","Inula salicina"
"Iri_var","Iris variegata"
"Iso_tri","Isopogon trilobus"
"Iva_ann","Iva annua"
"Iva_xan","Cyclachaena xanthiifolia"
"Iva_xan","Iva xanthiifolia"
"Jac_con","Jacksonia condensata"
"Jac_vul","Jacobaea vulgaris"
"Jac_vul","Senecio jacobaea"
"Jas_mon","Jasione montana"
"Jor_spo","Jordaaniella spongiosa"
"Jug_reg","Juglans regia"
"Jun_com","Juniperus communis"
"Jun_ost","Juniperus osteosperma"
"Jun_thu","Juniperus thurifera"
"Ken_pro","Kennedia prostrata"
"Kic_ela","Kickxia elatine"
"Kic_ela","Kickxia elatine subsp. elatine"
"Kic_spu","Kickxia spuria"
"Kic_spu","Kickxia spuria subsp. spuria"
"Kna_arv","Knautia arvensis"
"Koe_mac","Koeleria macrantha"
"Koe_pyr","Koeleria pyramidata"
"Kra_cer1","Krascheninnikovia ceratoides subsp. lanata"
"Kra_cer1","Krascheninnikovia lanata"
"Kun_rec","Kunzea recurva"
"Lac_fis","Lachenalia fistulosa"
"Lac_ser","Lactuca serriola"
"Lam_alb","Lamium album"
"Lam_amp","Lamium amplexicaule"
"Lam_ema","Lampranthus emarginatus"
"Lam_hak","Lamarchea hakeifolia"
"Lam_pur","Lamium purpureum"
"Lap_com","Lapsana communis"
"Las_lat","Laserpitium latifolium"
"Las_pru","Laserpitium prutenicum"
"Lat_hir","Lathyrus hirsutus"
"Lat_lat","Lathyrus latifolius"
"Lat_nig","Lathyrus niger"
"Lat_och","Lathyrus ochroleucus"
"Lat_pan","Lathyrus pannonicus"
"Lat_pan","Lathyrus pannonicus subsp. pannonicus"
"Lat_pan1","Lathyrus pannonicus subsp. collinus"
"Lat_pra","Lathyrus pratensis"
"Lat_tub","Lathyrus tuberosus"
"Lav_thu","Lavatera thuringiaca"
"Leb_ser","Lebeckia sericea"
"Lei_sch","Leipoldtia schultzei"
"Leo_car","Leonurus cardiaca"
"Leo_com","Leopoldia comosa"
"Leo_com","Muscari comosum"
"Leo_his","Leontodon hispidus"
"Lep_con","Leptospermum continentale"
"Lep_dra","Lepidium draba"
"Lep_dub","Leptochloa dubia"
"Lep_eru","Leptospermum erubescens"
"Lep_squ","Lepidosperma squamatum"
"Lep_sub","Lepidium subulatum"
"Leu_irc","Leucanthemum ircutianum"
"Leu_vul","Leucanthemum vulgare"
"Ley_ang","Leymus angustus"
"Ley_cin","Leymus cinereus"
"Ley_gna","Leysera gnaphaloides"
"Ley_rac","Leymus racemosus"
"Ley_tri","Leymus triticoides"
"Lia_asp","Liatris aspera"
"Lia_lig","Liatris ligulistylis"
"Lia_pun","Liatris punctata"
"Lig_vul","Ligustrum vulgare"
"Lil_bul","Lilium bulbiferum"
"Lil_mar","Lilium martagon"
"Lin_aus","Linum austriacum"
"Lin_cat","Linum catharticum"
"Lin_fla","Linum flavum"
"Lin_lew","Linum lewisii"
"Lin_per","Linum perenne"
"Lin_pra","Linum pratense"
"Lin_usi","Linum usitatissimum"
"Lin_vul","Linaria vulgaris"
"Lol_mul","Lolium multiflorum"
"Lol_per","Lolium perenne"
"Lol_rig","Lolium rigidum"
"Lot_cor","Lotus corniculatus"
"Lot_mar","Lotus maritimus"
"Lup_arg","Lupinus argenteus"
"Lup_per","Lupinus perennis"
"Lup_pol","Lupinus polyphyllus"
"Lup_suc","Lupinus succulentus"
"Luz_cam","Luzula campestris"
"Luz_cam","Luzula campestris agg."
"Lyc_and","Lycium andersonii"
"Lyg_jun","Lygodesmia juncea"
"Lys_num","Lysimachia nummularia"
"Mac_can","Machaeranthera canescens"
"Mac_tan","Machaeranthera tanacetifolia"
"Mai_aph","Maireana aphylla"
"Mai_exc","Maireana excavata"
"Mai_roh","Maireana rohrlachii"
"Mal_mos","Malva moschata"
"Mal_syl","Malva sylvestris"
"Man_alb","Manochlamys albicans"
"Mat_mat","Matricaria matricarioides"
"Med_fal","Medicago falcata"
"Med_lup","Medicago lupulina"
"Med_min","Medicago minima"
"Med_sat","Medicago sativa"
"Med_sat1","Medicago sativa subsp. varia"
"Med_sat2","Medicago sativa subsp. falcata"
"Mel_acu","Melaleuca acuminata"
"Mel_alb","Melilotus albus"
"Mel_arv","Melampyrum arvense"
"Mel_atr","Melaleuca atroviridis"
"Mel_cal","Melica californica"
"Mel_caly","Melaleuca calycina"
"Mel_cri","Melampyrum cristatum"
"Mel_cuc","Melaleuca cucullata"
"Mel_ele","Melaleuca eleuterostachya"
"Mel_gla","Melaleuca glaberrima"
"Mel_hal","Melaleuca halmaturorum"
"Mel_ham","Melaleuca hamata"
"Mel_hol","Melaleuca hollidayi"
"Mel_lep","Melaleuca leptospermoides"
"Mel_nem","Melaleuca nematophylla"
"Mel_nemo","Melampyrum nemorosum"
"Mel_off","Melilotus officinalis"
"Mel_pau","Melaleuca pauperiflora"
"Mel_pen","Melaleuca pentagona"
"Mel_sub","Melaleuca suberosa"
"Mel_tra","Melica transsilvanica"
"Mel_unc","Melaleuca uncinata"
"Mel_und","Melaleuca undulata"
"Men_arv","Mentha arvensis"
"Men_asp","Mentzelia aspera"
"Mol_cae","Molinia caerulea"
"Mol_cae","Molinia arundinacea"
"Mon_fis","Monarda fistulosa"
"Mor_bel","Moraea bellendenii"
"Myo_arv","Myosotis arvensis"
"Myo_ins","Myoporum insulare"
"Myr_afr","Myrsine africana"
"Myr_uru","Myracrodruon urundeuva"
"Nas_pul","Nassella pulchra"
"Nas_vir","Nassella viridula"
"Nas_vir","Stipa viridula"
"Neo_ova","Neottia ovata"
"Neo_ova","Listera ovata"
"Neo_ust","Neotinea ustulata var. aestivalis"
"Neo_ust","Orchis ustulata var. aestivalis"
"Nes_pan","Neslia paniculata"
"Nuy_flo","Nuytsia floribunda"
"Odo_ver1","Odontites vernus subsp. salinus"
"Odo_ver1","Odontites vernus subsp. serotinus"
"Oen_aca","Oenothera acaulis"
"Oen_bie","Oenothera biennis"
"Oen_cae","Oenothera caespitosa"
"Oen_pal","Oenothera pallida"
"Oen_spe","Oenothera speciosa"
"Ole_eur","Olea europaea"
"Ono_are","Onobrychis arenaria"
"Ono_spi","Ononis spinosa"
"Ono_tri1","Ononis tridentata subsp. crassifolia"
"Ono_vic","Onobrychis viciifolia"
"Oph_vul","Ophioglossum vulgatum"
"Orc_mas1","Orchis mascula subsp. speciosa"
"Orc_pal","Orchis pallens"
"Ori_vul","Origanum vulgare"
"Orn_ort1","Ornithogalum orthophyllum subsp. kochii"
"Orn_ort1","Ornithogalum kochii"
"Orn_thy","Ornithogalum thyrsoides"
"Ory_hym","Achnatherum hymenoides"
"Ory_hym","Oryzopsis hymenoides"
"Ost_sin","Osteospermum sinuatum"
"Oth_arb","Othonna arborescens"
"Oth_cyl","Othonna cylindrica"
"Oxa_str","Oxalis stricta"
"Oxy_lam","Oxytropis lambertii"
"Oxy_nyc","Mirabilis nyctaginea"
"Oxy_nyc","Oxybaphus nyctagineus"
"Pan_cap","Panicum capillare"
"Pan_vir","Panicum virgatum"
"Pap_cae","Pappophorum caespitosum"
"Pap_phi","Pappophorum philippianum"
"Pap_rho","Papaver rhoeas"
"Pas_sat","Pastinaca sativa"
"Pat_occ","Patersonia occidentalis"
"Pel_cap","Pelargonium capitatum"
"Pel_cuc1","Pelargonium cucullatum subsp. tabulare"
"Pen_air1","Pentaschistis airoides subsp. airoides"
"Pen_ang","Penstemon angustifolius"
"Pen_com","Penstemon comarrhenus"
"Pen_cya","Penstemon cyanocaulis"
"Pen_gla","Pennisetum glaucum"
"Pen_inc","Pentzia incana"
"Pen_pal","Penstemon palmeri"
"Pen_spe","Penstemon speciosus"
"Pen_str","Penstemon strictus"
"Per_big","Persoonia biglandulosa"
"Per_lae1","Periploca laevigata subsp. angustifolia"
"Per_lae1","Periploca angustifolia"
"Per_lap","Persicaria lapathifolia"
"Per_pen","Persicaria pensylvanica"
"Peu_als","Peucedanum alsaticum"
"Peu_cer","Peucedanum cervaria"
"Pha_aru","Phalaris arundinacea"
"Pha_con","Pharnaceum confertum"
"Pha_cre","Phacelia crenulata"
"Pha_tan","Phacelia tanacetifolia"
"Phe_tub","Phebalium tuberculosum"
"Phl_dif","Phlox diffusa"
"Phl_phl","Phleum phleoides"
"Phl_pra","Phleum pratense"
"Phl_tub","Phlomoides tuberosa"
"Phr_aus","Phragmites australis"
"Pic_abi","Picea abies"
"Pic_hie","Picris hieracioides"
"Pic_opp","Picradeniopsis oppositifolia"
"Pil_off","Pilosella officinarum"
"Pil_pil1","Pilosella piloselloides subsp. bauhinii"
"Pil_pil1","Pilosella bauhini"
"Pim_maj","Pimpinella major"
"Pim_sax","Pimpinella saxifraga"
"Pin_con","Pinus contorta"
"Pin_hal","Pinus halepensis"
"Pin_pin","Pinus pinaster"
"Pin_pon","Pinus ponderosa"
"Pin_syl","Pinus sylvestris"
"Pip_mil","Piptatherum miliaceum"
"Pis_sat1","Pisum sativum var. arvense"
"Pla_alb","Plantago albicans"
"Pla_bif","Platanthera bifolia"
"Pla_lan","Plantago lanceolata"
"Pla_maj","Plantago major"
"Pla_med","Plantago media"
"Pla_ova","Plantago ovata"
"Pla_pat","Plantago patagonica"
"Pla_pat1","Plantago patagonica var. patagonica"
"Pla_pat2","Plantago patagonica var. spinulosa"
"Poa_ang","Poa angustifolia"
"Poa_ann","Poa annua"
"Poa_com","Poa compressa"
"Poa_fen","Poa fendleriana"
"Poa_pal","Poa palustris"
"Poa_pra","Poa pratensis"
"Poa_spi","Poa spiciformis"
"Poa_tri","Poa trivialis"
"Pod_can","Podospermum canum"
"Pod_pur","Podospermum purpureum"
"Pod_pur","Scorzonera purpurea"
"Pod_ser","Podalyria sericea"
"Poi_pyr","Poincianella pyramidalis"
"Pol_avi","Polygonum aviculare"
"Pol_avi","Polygonum aviculare"
"Pol_com","Polygala comosa"
"Pol_maj","Polygala major"
"Pol_odo","Polygonatum odoratum"
"Pol_pul","Polemonium pulcherrimum"
"Pol_vul","Polygala vulgaris"
"Pol_vul","Polygala vulgaris agg."
"Pop_tre","Populus tremula"
"Pop_tri","Populus trichocarpa"
"Pot_alb","Potentilla alba"
"Pot_ans","Potentilla anserina"
"Pot_arg","Potentilla argentea"
"Pot_ere","Potentilla erecta"
"Pot_hep","Potentilla heptaphylla"
"Pot_nor","Potentilla norvegica"
"Pot_pen","Potentilla pensylvanica"
"Pot_rec","Potentilla recta"
"Pot_rep","Potentilla reptans"
"Pri_ver","Primula veris"
"Pru_gra","Prunella grandiflora"
"Pru_lac","Prunella laciniata"
"Pru_vir","Prunus virginiana"
"Pru_vul","Prunella vulgaris"
"Psa_jun","Psathyrostachys juncea"
"Pse_rup","Poa secunda"
"Pse_rup","Pseudosclerochloa rupestris"
"Pse_rup1","Pseudosclerochloa rupestris subsp. canbyi"
"Psi_din","Psilocaulon dinteri"
"Pso_ten","Psoralea tenuiflora"
"Pte_div","Pteronia divaricata"
"Pte_emp","Pteronia empetrifolia"
"Pte_glo","Pteronia glomerata"
"Pte_inc","Pteronia incana"
"Pte_obl","Pteronia oblanceolata"
"Pte_ono","Pteronia onobromoides"
"Pte_ova","Pteronia ovalifolia"
"Pte_pal","Pteronia pallens"
"Pte_pan","Pteronia paniculata"
"Pul_ang","Pulmonaria angustifolia"
"Pul_mol","Pulmonaria mollis"
"Pur_tri","Purshia tridentata"
"Que_coc","Quercus coccifera"
"Que_ili","Quercus ilicis"
"Ran_acr","Ranunculus acris"
"Ran_arv","Ranunculus arvensis"
"Ran_aur","Ranunculus auricomus"
"Ran_aur","Ranunculus auricomus agg."
"Ran_bul","Ranunculus bulbosus"
"Ran_pol","Ranunculus polyanthemos"
"Ran_rep","Ranunculus repens"
"Rap_per","Rapistrum perenne"
"Rap_rap","Raphanus raphanistrum"
"Rat_col","Ratibida columnifera"
"Rat_pin","Ratibida pinnata"
"Res_lut","Reseda luteola"
"Res_lutea","Reseda lutea"
"Ret_sph","Retama sphaerocarpa"
"Rha_cat","Rhamnus cathartica"
"Rha_lyc","Rhamnus lycioides"
"Rhi_maj","Rhinanthus major"
"Rhi_min","Rhinanthus minor"
"Rhu_tri","Rhus trilobata"
"Rib_cer","Ribes cereum"
"Roe_mor","Roepera morgsana"
"Ros_aci","Rosa acicularis"
"Ros_off","Rosmarinus officinalis"
"Ros_woo","Rosa woodsii"
"Rub_cae","Rubus caesius"
"Rub_par","Rubus parviflorus"
"Rub_ves","Rubus vestitus"
"Rub_ves","Rubus fruticosus agg."
"Rud_hir","Rudbeckia hirta"
"Rum_ace","Rumex acetosella"
"Rum_acetosa","Rumex acetosa"
"Rum_cri","Rumex crispus"
"Rum_obt","Rumex obtusifolius"
"Rum_ste","Rumex stenophyllus"
"Rum_thy","Rumex thyrsiflorus"
"Rus_agg","Ruschia aggregata"
"Rus_rub","Ruschia rubricaulis"
"Rus_ver","Ruschia versicolor"
"Ryt_vir","Rytidosperma virescens"
"Sal_afr","Salvia africana-caerulea"
"Sal_aus","Salvia austriaca"
"Sal_col","Salvia columbariae"
"Sal_kal1","Salsola kali subsp. tragus"
"Sal_kal1","Salsola tragus"
"Sal_nem","Salvia nemorosa"
"Sal_pra","Salvia pratensis"
"Sal_ver","Salvia verticillata"
"Sam_nig","Sambucus nigra"
"San_min","Sanguisorba minor"
"San_off","Sanguisorba officinalis"
"San_spi","Santalum spicatum"
"Sap_off","Saponaria officinalis"
"Sar_ver","Sarcobatus vermiculatus"
"Sax_bul","Saxifraga bulbifera"
"Sca_och","Scabiosa ochroleuca"
"Sch_sco","Schizachyrium scoparium"
"Sco_aut","Scorzoneroides autumnalis"
"Sco_his","Scorzonera hispanica"
"Scr_nod","Scrophularia nodosa"
"Sea_lae1","Searsia laevigata subsp. villosa"
"Sea_tom","Searsia tomentosa"
"Sec_cer","Secale cereale"
"Sec_var","Securigera varia"
"Sed_sex","Sedum sexangulare"
"Sel_car","Selinum carvifolia"
"Sen_art1","Senna artemisioides subsp. artemisiodes"
"Sen_dep","Senecio depauperatus"
"Sen_glu","Senna glutinosa"
"Sen_vul","Senecio vulgaris"
"Ser_tin","Serratula tinctoria"
"Ses_lib","Seseli libanotis"
"Ses_lib","Libanotis pyrenaica"
"Set_mac","Setaria macrostachya"
"Set_pum","Setaria pumila"
"Set_vir","Setaria viridis"
"She_arv","Sherardia arvensis"
"Sil_dio","Silene dioica"
"Sil_flo","Silene flos-cuculi"
"Sil_flo","Lychnis flos-cuculi"
"Sil_lat","Silene latifolia"
"Sil_lat1","Silene latifolia subsp. alba"
"Sil_noc","Silene noctiflora"
"Sil_nut","Silene nutans"
"Sil_per","Silphium perfoliatum"
"Sil_sil","Silaum silaus"
"Sil_vis","Silene viscosa"
"Sil_visca","Silene viscaria"
"Sil_visca","Viscaria vulgaris"
"Sil_vul","Silene vulgaris"
"Sin_alb","Sinapis alba"
"Sin_arv","Sinapis arvensis"
"Sis_alt","Sisymbrium altissimum"
"Sol_ame","Solanum americanum"
"Sol_ame","Solanum nigrum"
"Sol_can","Solidago canadensis"
"Sol_mis","Solidago missouriensis"
"Sol_nem","Solidago nemoralis"
"Sol_orb","Solanum orbiculatum"
"Sol_pta","Solidago ptarmicoides"
"Sol_rig","Solidago rigida"
"Sol_tri","Solanum triflorum"
"Sol_vir","Solidago virgaurea"
"Sol_vir","Solidago virgaurea subsp. virgaurea"
"Son_arv","Sonchus arvensis"
"Son_asp","Sonchus asper"
"Son_ole","Sonchus oleraceus"
"Sor_nut","Sorghastrum nutans"
"Spa_pec","Spartina pectinata"
"Spe_rub","Spergula rubra"
"Sph_amb","Sphaeralcea ambigua"
"Sph_coc","Sphaeralcea coccinea"
"Sph_mun","Sphaeralcea munroana"
"Sph_par","Sphaeralcea parvifolia"
"Spi_pyr","Spiraea pyramidata"
"Spo_air","Sporobolus airoides"
"Spo_con","Sporobolus contractus"
"Spo_cry","Sporobolus cryptandrus"
"Spo_het","Sporobolus heterolepis"
"Sta_ann","Stachys annua"
"Sta_off","Stachys officinalis"
"Sta_pal","Stachys palustris"
"Sta_rec","Stachys recta"
"Sta_rug","Stachys rugosa"
"Ste_gra","Stellaria graminea"
"Ste_med","Stellaria media"
"Sti_cap","Stipa capillata"
"Sti_cil","Stipagrostis ciliata"
"Sti_com","Hesperostipa comata"
"Sti_com","Stipa comata"
"Sti_lem","Stipa lemmonii"
"Sti_ten","Stipa tenacissima"
"Sti_thu","Stipa thurberiana"
"Sto_bee","Stoeberia beetzii"
"Sty_spa","Stylobasium spathulatum"
"Suc_pra","Succisa pratensis"
"Sym_alb","Symphoricarpos albus"
"Sym_eri","Symphyotrichum ericoides"
"Sym_lae","Symphyotrichum laeve"
"Sym_off","Symphytum officinale"
"Sym_tub","Symphytum tuberosum"
"Tae_cap","Taeniatherum caput-medusae"
"Tan_cor","Tanacetum corymbosum"
"Tan_vul","Tanacetum vulgare"
"Tar_cam","Taraxacum campylodes"
"Tar_cam","Taraxacum officinalis"
"Tem_ret","Templetonia retusa"
"Tem_sul","Templetonia sulcata"
"Ten_str","Tenaxia stricta"
"Tet_art","Tetraclinis articulata"
"Tet_ech","Tetragonia echinata"
"Tet_fru","Tetragonia fruticosa"
"Teu_cap1","Teucrium capitatum subsp. gracillimum"
"Teu_cha","Teucrium chamaedrys"
"Tha_luc","Thalictrum lucidum"
"Tha_occ","Thalictrum occidentale"
"Tha_sim1","Thalictrum simplex subsp. galioides"
"The_fil","Thelesperma filifolium"
"The_lin","Thesium linophyllon"
"The_rho","Thermopsis rhombifolia"
"The_tri","Themeda triandra"
"Thl_arv","Thlaspi arvense"
"Thl_per","Thlaspi perfoliatum"
"Thl_per","Microthlaspi perfoliatum"
"Thr_bae","Thryptomene baeckeacea"
"Thy_odo","Thymus odoratissimus"
"Thy_pul","Thymus pulegioides"
"Thy_pul1","Thymus pulegioides subsp. pannonicus"
"Thy_pul1","Thymus pannonicus"
"Thy_zyg1","Thymus zygis subsp. gracilis"
"Tor_jap","Torilis japonica"
"Tra_dub","Tragopogon dubius"
"Tra_glo","Traunsteinera globosa"
"Tra_mur","Trachyandra muricata"
"Tra_occ","Tradescantia occidentalis"
"Tra_ori","Tragopogon orientalis"
"Tra_pra","Tragopogon pratensis"
"Tri_aes","Triticum aestivum"
"Tri_alp","Trifolium alpestre"
"Tri_ang","Trifolium angulatum"
"Tri_arv","Trifolium arvense"
"Tri_bas","Triodia basedowii"
"Tri_bif","Trifolium bifidum"
"Tri_cam","Trifolium campestre"
"Tri_cri","Trichloris crinita"
"Tri_dub","Trifolium dubium"
"Tri_epa","Triodia epactia"
"Tri_fla","Trisetum flavescens"
"Tri_his","Tribolium hispidum"
"Tri_hyb","Trifolium hybridum"
"Tri_inc","Trifolium incarnatum"
"Tri_ino","Tripleurospermum inodorum"
"Tri_med","Trifolium medium"
"Tri_mon","Triticum monococcum"
"Tri_mont","Trifolium montanum"
"Tri_och","Trifolium ochroleucon"
"Tri_opp","Tripteris oppositifolia"
"Tri_pan","Tripolium pannonicum"
"Tri_pra","Trifolium pratense"
"Tri_rep","Trifolium repens"
"Tri_ret","Trifolium retusum"
"Tri_rub","Trifolium rubens"
"Tri_sin","Tripteris sinuata"
"Tri_str","Trifolium striatum"
"Tri_sub","Trifolium subterraneum"
"Tri_uni","Tribolium uniolae"
"Tri_wil","Trifolium willdenovii"
"Tri_wis","Triodia wiseana"
"Tur_gla","Turritis glabra"
"Tus_far","Tussilago farfara"
"Urs_ant","Ursinia anthemoides"
"Urs_ant1","Ursinia anthemoides subsp. anthemoides"
"Urt_dio","Urtica dioica"
"Val_off","Valeriana officinalis"
"Val_off","Valeriana officinalis agg."
"Ver_ana","Veronica anagallis-aquatica"
"Ver_arv","Veronica arvensis"
"Ver_aus1","Veronica austriaca subsp. teucrium"
"Ver_aus1","Veronica teucrium"
"Ver_bra","Verbena bracteata"
"Ver_cha","Veronica chamaedrys"
"Ver_cha","Veronica chamaedrys agg."
"Ver_cha1","Verbascum chaixii subsp. austriacum"
"Ver_den","Verbascum densiflorum"
"Ver_enc","Verbesina encelioides"
"Ver_has","Verbena hastata"
"Ver_nig","Verbascum nigrum"
"Ver_off","Verbena officinalis"
"Ver_per","Veronica persica"
"Ver_pol","Veronica polita"
"Ver_ser","Veronica serpyllifolia"
"Ver_spi","Veronica spicata"
"Ver_spi","Veronica spicata subsp. spicata"
"Ver_spi1","Veronica spicata subsp. orchidea"
"Ver_spi1","Veronica orchidea"
"Ver_str","Verbena stricta"
"Vero_off","Veronica officinalis"
"Vic_ame","Vicia americana"
"Vic_cra","Vicia cracca"
"Vic_hir","Vicia hirsuta"
"Vic_sat","Vicia sativa"
"Vic_sat1","Vicia sativa subsp. nigra"
"Vic_sat1","Vicia angustifolia"
"Vic_sep","Vicia sepium"
"Vic_ten","Vicia tenuifolia"
"Vic_tet","Vicia tetrasperma"
"Vic_vil","Vicia villosa"
"Vin_hir","Vincetoxicum hirundinaria"
"Vio_arv","Viola arvensis"
"Vio_can","Viola canina"
"Vio_hir","Viola hirta"
"Vio_rei","Viola reichenbachiana"
"Vio_riv","Viola riviniana"
"Vul_mic","Vulpia microstachys"
"Vul_oct","Vulpia octoflora"
"Wac_pan","Wachendorfia paniculata"
"Wai_nit","Waitzia nitida"
"Wes_cep","Westringia cephalantha"
"Wib_muc","Wiborgia mucronata"
"Yuc_gla","Yucca glauca"
"Ziz_apt","Zizia aptera"
